linkedin_links,already_connected,request_sent,request_time
http://www.linkedin.com/in/daya-aglugub-473319217,,pending,
http://linkedin.com/matt-abshire,,,
http://linkedin.com/in/noorun-nisaa-abdul-khaliq-2200a5238,,,
http://linkedin.com/matt-abshire,,,
https://www.linkedin.com/in/acostamoana/,,pending,
http://linkedin.com/in/noorun-nisaa-abdul-khaliq-2200a5238,,,
http://www.linkedin.com/in/daya-aglugub-473319217,,pending,
https://www.linkedin.com/in/malmanzor/,,pending,
http://www.linkedin.com/in/allie-spraul,,yes,2026-01-24T18:11:03.643847+00:00
https://www.linkedin.com/in/ariana-andrade/,,yes,2026-01-24T18:11:23.254655+00:00
http://linkedin.com/in/sandy-auttelet,,yes,2026-01-24T18:11:43.327462+00:00
https://www.linkedin.com/in/ben-angelo-806560263?utm_source=share&utm_campaign=share_via&utm_content=profile&utm_medium=ios_app,,yes,2026-01-24T18:12:04.173382+00:00
http://www.linkedin.com/in/mikebaileyatfadv,,yes,2026-01-24T18:12:25.975286+00:00
https://www.linkedin.com/in/collin-bannister-3642a1229/,,yes,2026-01-24T18:12:46.188684+00:00
https://www.linkedin.com/in/nick-baker-4981b61b9,yes,yes,
https://www.linkedin.com/in/lesterbarbero/,,yes,2026-01-24T18:13:13.877625+00:00
http://www.linkedin.com/in/abigail-bareksten-484946232,,yes,2026-01-24T18:13:31.233686+00:00
https://www.linkedin.com/in/peachibauman/,,yes,2026-01-24T18:13:50.514516+00:00
https://www.linkedin.com/in/brandonbaucom,,yes,2026-01-24T18:14:11.693620+00:00
https://www.linkedin.com/in/aashiksharif,,yes,2026-01-24T18:14:35.348600+00:00
https://www.linkedin.com/in/kathleen-beeman?utm_source=share&utm_campaign=share_via&utm_content=profile&utm_medium=android_app,,yes,2026-01-24T18:14:57.610864+00:00
https://www.linkedin.com/in/karinbiggs/,,yes,2026-01-24T18:15:19.795274+00:00
https://www.linkedin.com/in/richellebixler,yes,yes,
https://www.linkedin.com/in/oieswarya-bhowmik/,yes,yes,
https://www.linkedin.com/in/jess-billings-88971753/,yes,yes,
https://www.linkedin.com/in/jennifer-bixby/,,yes,2026-01-24T18:16:09.334391+00:00
https://www.linkedin.com/in/yesterday-bonser-162541231/,,yes,2026-01-24T18:16:27.677421+00:00
http://www.linkedin.com/in/morgan-boggs-mlb,,yes,2026-01-24T18:16:43.988766+00:00
https://www.linkedin.com/in/marisabowles,,yes,2026-01-24T18:17:02.998057+00:00
http://linkedin.com/in/georgia-bohm,,yes,2026-01-24T18:17:24.330238+00:00
https://www.linkedin.com/in/sandrabrabb/,,yes,2026-01-24T18:17:45.165569+00:00
https://www.linkedin.com/in/kristinbulzomi/,,,
https://www.linkedin.com/in/caseyjbui/,,yes,2026-01-24T18:21:53.555076+00:00
https://www.linkedin.com/in/jasonbutcherite/,,yes,2026-01-24T18:22:11.699010+00:00
http://www.linkedin.com/in/stephaniebustos98,,yes,2026-01-24T18:22:30.269051+00:00
http://www.linkedin.com/in/ellie-camus,,yes,2026-01-24T18:22:48.964663+00:00
http://www.linkedin.com/in/pcase858,,yes,2026-01-24T18:23:07.880104+00:00
https://www.linkedin.com/in/jrc1998?utm_source=share&utm_campaign=share_via&utm_content=profile&utm_medium=ios_app,,pending,
http://www.linkedin.com/in/catcara,,pending,
https://www.linkedin.com/school/wsu-carson-college-of-business,,,
https://www.linkedin.com/in/denise-chaffins-29a6265a/,,yes,2026-01-24T18:27:03.420286+00:00
https://www.linkedin.com/in/marjorie-chang-assoc-aia-48a8776/,,yes,2026-01-24T18:27:23.515551+00:00
https://www.linkedin.com/in/janie-chu/,,pending,
http://www.linkedin.com/in/tate-collins-501b79251,,yes,2026-01-24T18:27:53.690289+00:00
http://www.linkedin.com/in/katerina-coggeshall,,yes,2026-01-24T18:28:11.214308+00:00
https://www.linkedin.com/in/kevinpcochran/,,yes,2026-01-24T18:28:30.210156+00:00
https://www.linkedin.com/in/alina-combs/,,yes,2026-01-24T18:28:48.940640+00:00
http://www.linkedin.com/in/%20laura-cook-b776b598,,,
https://www.linkedin.com/in/jencupp/,,yes,2026-01-24T18:32:57.723551+00:00
https://www.linkedin.com/in/melissa-dasaro-15671130/,,yes,2026-01-24T18:33:16.677122+00:00
https://www.linkedin.com/in/keith-d-50434912/,,yes,2026-01-24T18:33:34.090312+00:00
https://www.linkedin.com/in/charice-deguzman-lmhc-63aa0960/,,yes,2026-01-24T18:33:54.240726+00:00
https://www.linkedin.com/in/eliza-dolecki-0a9022b5/,,yes,2026-01-24T18:34:12.691767+00:00
https://www.linkedin.com/in/andria-donnenwerth-92855011/,,yes,2026-01-24T18:34:32.687715+00:00
https://www.linkedin.com/in/dornjeremy,,yes,2026-01-24T18:34:52.303768+00:00
https://www.linkedin.com/in/brian-dirks-6b58135/,,pending,
http://www.linkedin.com/in/dockerymichael,,yes,2026-01-24T18:35:23.587088+00:00
http://www.linkedin.com/in/jonathan-dyer,,yes,2026-01-24T18:35:43.353958+00:00
https://www.linkedin.com/in/tayler-ekness/,,yes,2026-01-24T18:36:04.442753+00:00
https://www.linkedin.com/in/ally-j-eaton/,,yes,2026-01-24T18:36:22.157522+00:00
http://linkedin.com/in/darhl-edwards-associate-dbia-leed-ap-0508a1a,,yes,2026-01-24T18:36:41.456121+00:00
http://www.linkedin.com/in/jeff-estefan-2959a53,,yes,2026-01-24T18:37:00.525168+00:00
https://www.linkedin.com/in/jamaica-vandolah-ekberg-20649a318/,,yes,2026-01-24T18:37:16.924165+00:00
http://www.linkedin.com/in/ariadna-escobar-sjcr,,yes,2026-01-24T18:37:37.730280+00:00
https://www.linkedin.com/in/samuel-faville/,,yes,2026-01-24T18:37:55.822121+00:00
https://www.linkedin.com/in/matthew-a-ferguson/,,yes,2026-01-24T18:38:13.151476+00:00
http://linkedin.com/in/victoria-fenner-80a346310,,yes,2026-01-24T18:38:29.457977+00:00
https://www.linkedin.com/in/rick-flores-m-ed-03040220b/,,yes,2026-01-24T18:38:50.008011+00:00
http://www.linkedin.com/in/cara-fitzpatrick-ba902b363,,yes,2026-01-24T18:39:05.494081+00:00
https://www.linkedin.com/in/teresa-fitzgerald-47598611/,,yes,2026-01-24T18:39:23.134289+00:00
http://linkedin.com/in/gdfuentes,,yes,2026-01-24T18:39:41.018291+00:00
https://www.linkedin.com/in/kelly-gardner-pmp-metm-b945762b/,,yes,2026-01-24T18:40:01.007504+00:00
http://www.linkedin.com/in/anya-garcia-hazelrigg,,yes,2026-01-24T18:40:18.767198+00:00
http://www.linkedin.com/in/joshua-gault-b38896326,,yes,2026-01-24T18:40:35.929679+00:00
https://www.linkedin.com/in/juan-garate/,,yes,2026-01-24T18:41:04.403857+00:00
https://www.linkedin.com/in/jack-gettles/,,yes,2026-01-24T18:41:24.815072+00:00
https://www.linkedin.com/in/ana-geval/,,yes,2026-01-24T18:41:46.643684+00:00
https://www.linkedin.com/in/davidjgoebel/,,yes,2026-01-24T18:42:04.002437+00:00
http://www.linkedin.com/in/angelagodwin,,yes,2026-01-24T18:42:20.799535+00:00
http://linkedin.com/in/samantha-park-greeban-2b433032,,yes,2026-01-24T18:42:41.607863+00:00
https://www.linkedin.com/in/jackgraddon/,,yes,2026-01-24T18:42:59.833166+00:00
https://www.linkedin.com/in/jocelynedavisgray,,yes,2026-01-24T18:43:22.251148+00:00
https://www.linkedin.com/in/krista-strawderman-gross-abr-srs-11437a7a/,,yes,2026-01-24T18:43:41.302138+00:00
https://www.linkedin.com/in/jon-guncay,,yes,2026-01-24T18:44:02.426888+00:00
https://www.linkedin.com/in/joan-halsey/,,yes,2026-01-24T18:44:22.899639+00:00
https://www.linkedin.com/in/sabrina-gunderson-525aa33,,,
https://www.linkedin.com/in/alexwgunkel/,,yes,2026-01-24T18:48:29.963474+00:00
http://linkedin.com/in/junnah-haque-81214b287,,yes,2026-01-24T18:48:47.148941+00:00
http://www.linkedin.com/in/marinahanson,,yes,2026-01-24T18:49:05.625804+00:00
http://linkedin.com/in/hgharris,,yes,2026-01-24T18:49:26.368252+00:00
https://www.linkedin.com/in/phaedra-harmon21/,,yes,2026-01-24T18:49:45.798868+00:00
https://www.linkedin.com/in/meganharre/,,yes,2026-01-24T18:50:09.506770+00:00
https://www.linkedin.com/in/keeganharrisfinancialadvisor/,,yes,2026-01-24T18:50:27.840482+00:00
https://www.linkedin.com/in/7uharto/,,,
https://www.linkedin.com/in/michaeldheim/,,yes,2026-01-24T18:54:39.278972+00:00
https://www.linkedin.com/in/gabrielshaug/,,yes,2026-01-24T18:54:58.108045+00:00
http://www.linkedin.com/in/olivia-harris-6023931b0,,yes,2026-01-24T18:55:17.515511+00:00
http://www.linkedin.com/in/amberheinemann,,yes,2026-01-24T18:55:38.889830+00:00
https://www.linkedin.com/in/kari-holsberry-7b29ba2?utm_source=share&utm_campaign=share_via&utm_content=profile&utm_medium=ios_app,,yes,2026-01-24T18:55:55.134448+00:00
https://www.linkedin.com/in/evan-howard1117,,yes,2026-01-24T18:56:14.096246+00:00
http://www.linkedin.com/in/maria-de-jesus-huerta-vazquez-58496a260,,yes,2026-01-24T18:56:31.530320+00:00
https://www.linkedin.com/in/daetanbhuck/,,yes,2026-01-24T18:56:51.110570+00:00
https://www.linkedin.com/in/modeste-mahouna-h-05016031a,,yes,2026-01-24T18:57:12.427059+00:00
http://linkedin.com/in/gary-hyatt-a14abb1a6,,yes,2026-01-24T18:57:32.105638+00:00
http://www.linkedin.com/in/mike-iaquinto,,yes,2026-01-24T18:57:52.037814+00:00
https://www.linkedin.com/in/chelseajendro,,yes,2026-01-24T18:58:12.489304+00:00
https://www.linkedin.com/in/adelejamalzei-wsu/,,yes,2026-01-24T18:58:33.478996+00:00
https://www.linkedin.com/in/reacharnav/,,yes,2026-01-24T18:58:55.572082+00:00
https://www.linkedin.com/in/camrynjewell/,,yes,2026-01-24T18:59:16.051489+00:00
https://www.linkedin.com/in/kjerstyn,,yes,2026-01-24T18:59:36.809208+00:00
https://www.linkedin.com/in/taylor-jones-93bb91180/,,,
https://www.linkedin.com/in/vanessakarnowski/,,yes,2026-01-24T19:03:47.443137+00:00
http://www.linkedin.com/in/tracy-kalesse,,yes,2026-01-24T19:04:08.235183+00:00
http://linkedin.com/in/mckenzie-kelly-48b946305,,yes,2026-01-24T19:04:27.173182+00:00
http://www.linkedin.com/in/dan-kennedy-mba-b1225069,,yes,2026-01-24T19:04:48.036785+00:00
https://www.linkedin.com/in/david-keith-3219153/,,yes,2026-01-24T19:05:08.454458+00:00
https://www.linkedin.com/in/caitlinmkerr/,,yes,2026-01-24T19:05:25.649375+00:00
http://www.linkedin.com/in/%20alyssan-kerr-70654426b,,,
https://linkedin.com/kkoehn,,,
https://www.linkedin.com/in/jillknaack/,,yes,2026-01-24T19:13:16.914924+00:00
http://www.linkedin.com/in/kellieklein,,yes,2026-01-24T19:13:35.393954+00:00
http://www.linkedin.com/in/savannah-kinswa,,yes,2026-01-24T19:13:52.073723+00:00
https://www.linkedin.com/in/claykrueger/,,yes,2026-01-24T19:14:12.481146+00:00
http://www.linkedin.com/in/sarahkujath,,yes,2026-01-24T19:14:32.134627+00:00
https://www.linkedin.com/in/sarah-laird-mpa-a310a112/,,yes,2026-01-24T19:14:50.420129+00:00
http://www.linkedin.com/in/caitlyn-kruger,,yes,2026-01-24T19:15:09.231793+00:00
https://linkedin.com/in/haydenlacelle,,yes,2026-01-24T19:15:28.136527+00:00
http://linkedin.com/in/jenniferkuklinski,,yes,2026-01-24T19:15:49.243625+00:00
http://www.linkedin.com/in/tiana-lafollette-31521b2a0,,yes,2026-01-24T19:16:08.880336+00:00
https://www.linkedin.com/in/kate-lachica/,,yes,2026-01-24T19:16:29.408688+00:00
https://www.linkedin.com/in/adela-kongdara/,,yes,2026-01-24T19:16:50.169278+00:00
https://linkedin.com/in/rlangis,,yes,2026-01-24T19:17:08.626598+00:00
https://www.linkedin.com/in/lisalaughter,,yes,2026-01-24T19:17:30.341574+00:00
https://www.linkedin.com/in/lindsay-leblanc-2b2c1/,,yes,2026-01-24T19:17:50.867688+00:00
https://www.linkedin.com/in/hayleyjlarson/,,,
https://www.linkedin.com/in/nicholas-lametto/,,yes,2026-01-24T19:18:19.257043+00:00
http://linkedin.com/in/noahlange12,,yes,2026-01-24T19:18:38.380642+00:00
https://www.linkedin.com/in/alexleen/,,yes,2026-01-24T19:18:56.389239+00:00
https://www.linkedin.com/in/adrien-leis-868361291/,,yes,2026-01-24T19:19:14.741969+00:00
https://www.linkedin.com/in/anthonylynch2015/,,yes,2026-01-24T19:19:35.897387+00:00
http://www.linkedin.com/in/mariahmaki,,yes,2026-01-24T19:19:56.538576+00:00
https://www.linkedin.com/in/abbasmammad/,,yes,2026-01-24T19:20:17.237196+00:00
https://www.linkedin.com/in/arman-mally-3017721a3/,,yes,2026-01-24T19:20:36.117796+00:00
https://www.linkedin.com/in/luna-magpili/,,yes,2026-01-24T19:20:57.097308+00:00
https://www.linkedin.com/in/kellymcginleyashe/,,yes,2026-01-24T19:21:16.602081+00:00
https://www.linkedin.com/in/jaimee-maurer/,,yes,2026-01-24T19:21:39.027037+00:00
https://www.linkedin.com/in/jdmckinney1/,,yes,2026-01-24T19:21:59.878266+00:00
https://www.linkedin.com/in/matthew-mcginn425/,,yes,2026-01-24T19:22:19.718687+00:00
http://linkedin.com/in/alexiis-o-mclean,,yes,2026-01-24T19:22:40.575686+00:00
https://www.linkedin.com/in/makenziemelby/,,yes,2026-01-24T19:23:00.949778+00:00
https://www.linkedin.com/in/victoria-suzuki-miles-cfre-22259b5/,,yes,2026-01-24T19:23:21.956309+00:00
https://www.linkedin.com/in/cmiller66/,,yes,2026-01-24T19:23:40.383201+00:00
https://www.linkedin.com/in/natalie-moffett/,,yes,2026-01-24T19:24:00.828869+00:00
http://linkedin.com/in/carol-miller-13426a7,,yes,2026-01-24T19:24:22.105293+00:00
https://www.linkedin.com/in/daniel-mitryanu?utm_source=share&utm_campaign=share_via&utm_content=profile&utm_medium=ios_app,,yes,2026-01-24T19:24:38.723859+00:00
https://www.linkedin.com/in/yvonne-mmata-b36188149?utm_source=share&utm_campaign=share_via&utm_content=profile&utm_medium=ios_app,,yes,2026-01-24T19:24:56.682565+00:00
https://www.linkedin.com/in/daniel-mrak/,,yes,2026-01-24T19:25:16.223739+00:00
https://www.linkedin.com/in/marielibeth-moran/,,yes,2026-01-24T19:25:37.133107+00:00
https://www.linkedin.com/in/morgan-amanda/,,yes,2026-01-24T19:25:57.364012+00:00
https://www.linkedin.com/in/kiana-mulqueeney-2b828b98?utm_source=share&utm_campaign=share_via&utm_content=profile&utm_medium=ios_app,,yes,2026-01-24T19:26:17.423322+00:00
https://www.linkedin.com/in/justin-n-smith-1a93291b/,,yes,2026-01-24T19:26:38.212556+00:00
https://www.linkedin.com/company/ramstead-ranch-llc/posts,,,
http://www.linkedin.com/in/hannah-r-nelson-educator-advocate,,yes,2026-01-24T19:30:16.260988+00:00
https://www.linkedin.com/in/rebeccaoehler,,yes,2026-01-24T19:30:34.686075+00:00
http://linkedin.com/mayaogrady,,,
http://linkedin.com/in/joan-njenga-6aa31b2b3/,,yes,2026-01-24T19:34:37.080565+00:00
https://www.linkedin.com/in/kellin-normal-37662323b/,,yes,2026-01-24T19:34:54.594910+00:00
https://www.linkedin.com/in/sarah-orosco-6a2919251/,,yes,2026-01-24T19:35:13.854029+00:00
https://www.linkedin.com/in/angellaosinde,,yes,2026-01-24T19:35:33.713383+00:00
http://www.linkedin.com/in/dpaloy,,yes,2026-01-24T19:35:53.994483+00:00
http://www.linkedin.com/in/ryan-paskett-60970a36b,,yes,2026-01-24T19:36:11.446125+00:00
https://www.linkedin.com/in/kara-r-perkins/,,yes,2026-01-24T19:36:30.390191+00:00
https://www.linkedin.com/in/tenzinpelmo/,,yes,2026-01-24T19:36:51.090962+00:00
https://www.linkedin.com/in/frank-picha-50108647/,,yes,2026-01-24T19:37:08.701933+00:00
https://www.linkedin.com/in/alexpietsch/,,yes,2026-01-24T19:37:29.277833+00:00
http://www.linkedin.com/tanyapiel,,,
https://www.linkedin.com/in/sabrina-phillips1/,,yes,2026-01-24T19:41:29.671609+00:00
https://www.linkedin.com/in/peersahab,,yes,2026-01-24T19:41:49.680973+00:00
http://www.linkedin.com/in/amanda-porter-41282414a,,,
https://www.linkedin.com/in/jaredpisinger,,,
http://www.linkedin.com/in/lex-pitra,,,
https://www.linkedin.com/in/heidiplaster/,,,
https://www.linkedin.com/in/lukepritchard/,,,
http://linkedin.com/neil-raman,,,
https://www.linkedin.com/in/melissa-r-raby/,,,
https://www.linkedin.com/in/denise-randall-0a981a256/,,,
https://www.linkedin.com/in/liz-reinecke-mmcollective/,,,
https://www.linkedin.com/in/chloerhoden?utm_source=share_via&utm_content=profile&utm_medium=member_iosI%E2%80%99m%20m,,,
http://www.linkedin.com/in/barbara-richardson-598a1410b,,,
https://www.linkedin.com/in/hollis-riley-5797a143?utm_source=share&utm_campaign=share_via&utm_content=profile&utm_medium=ios_app,,,
http://www.linkedin.com/in/%20alexandra-rose-acctg,,,
https://www.linkedin.com/in/cristina-rusu-674b2213b/,,,
http://www.linkedin.com/in/kailey-rothstrom-a5461a21b,,,
https://www.linkedin.com/in/teylorsauer/,,,
https://www.linkedin.com/in/nicholas-t-santos/,,,
http://linkedin.com/in/avaly,,,
http://www.linkedin.com/in/alyssa-schultheiss-067a941a1,,,
https://www.linkedin.com/in/aidenschlecht/,,,
http://www.linkedin.com/in/%20paige-schneider-533527340,,,
https://www.linkedin.com/in/harli-s-26a781291/,,,
https://www.linkedin.com/in/ritvik-s-082088127/,,,
http://linkedin.com/in/bensilvernale,,,
https://www.linkedin.com/in/mark-shinozaki-%E7%AF%A0%E5%B4%8E-372699b7/,,,
https://www.linkedin.com/in/jes-e-sica/,,,
https://www.linkedin.com/in/ema-skinner-b600271aa/,,,
http://www.linkedin.com/in/cooper-m-smith,,,
https://www.linkedin.com/in/miranda-helen-smith/details/experience/,,,
http://www.linkedin.com/in/travis-st-peter,,,
https://www.linkedin.com/in/heatherstegner/,,,
http://linkedin.com/in/shellyspangler,,,
https://www.linkedin.com/in/slade-stockton/,,,
https://www.linkedin.com/in/eija-sumner/,,,
https://www.linkedin.com/in/sam-tasanasanta-2a25883/,,,
https://www.linkedin.com/in/joshua-taylor-27a1695/,,,
https://www.linkedin.com/in/ken-takahashi-96946223/,,,
https://www.linkedin.com/in/peter-thorson-34690065/,,,
https://www.linkedin.com/in/ginothom/,,,
https://www.linkedin.com/in/josetorrestorijacubillas/,,,
http://www.linkedin.com/in/aubrey-tomlinson,,,
http://www.linkedin.com/in/trishtisdale,,,
https://www.linkedin.com/in/nancy-uhacz-145843280/,,,
https://www.linkedin.com/in/mathew-trono/,,,
http://www.linkedin.com/in/christine-vacca,,,
https://www.linkedin.com/in/hildegardevelasco/,,,
https://www.linkedin.com/in/dr-karina-vega-villa,,,
https://www.linkedin.com/in/camillevaughn/,,,
https://www.linkedin.com/in/jonathanwaagstein,,,
https://www.linkedin.com/in/stuartvreeburg?utm_source=share&utm_campaign=share_via&utm_content=profile&utm_medium=ios_app,,,
https://www.linkedin.com/in/kassandra-vogel-97241a1bb/,,,
https://www.linkedin.com/in/ellieweadock/,,,
https://www.linkedin.com/in/megan-wilder-a57502300?utm_source=share&utm_campaign=share_via&utm_content=profile&utm_medium=ios_app,,,
http://www.linkedin.com/in/justinwhite80,,,
https://linkedin.com/in/corriewilder,,,
https://www.linkedin.com/in/rob-allen-wilder/,,,
http://www.linkedin.com/in/robert-m-williams,,,
https://www.linkedin.com/in/cara-wind/,,,
https://www.linkedin.com/in/rebeccazanatta13/,,,
https://linkedin.com/company/cougs-4-kids,,,
