profile_url,social_links
https://luma.com/user/monicamiyasato,https://linkedin.com/in/monicamiyasato
https://luma.com/user/monicamiyasato,https://linkedin.com/in/monicamiyasato
https://luma.com/user/monicamiyasato,https://linkedin.com/in/monicamiyasato
https://luma.com/user/monicamiyasato,https://linkedin.com/in/monicamiyasato
https://luma.com/user/usr-2JYskcyEMraASzT,https://linkedin.com/in/douglasemckinley;https://douglasmckinley.com/
https://luma.com/user/usr-wpPrM0TeyuLcIsi,https://x.com/NA;https://linkedin.com/in/aaryanguptakkr
https://luma.com/user/usr-lUKI0z1ra0vKHcu,https://linkedin.com/in/abrahammdmba
https://luma.com/user/abbylaal,https://x.com/abbylaal;https://linkedin.com/in/lal-abhay;http://abhay-lal.me/
https://luma.com/user/usr-yd15dZOrReu1vTe,https://linkedin.com/in/abishek-mahesh-63885417a
https://luma.com/user/usr-F50ghqvjsrqX1t5,https://linkedin.com/in/aleksandre-zambakhidze
https://luma.com/user/usr-AFxwNYA71FfVIxu,https://x.com/AlexanderSiev;https://linkedin.com/in/alexandersiev
https://luma.com/user/usr-vqFRHjFCgg9tnu2,https://linkedin.com/in/alinavarentsova
https://luma.com/user/usr-IIzzTWamIFNxMZm,https://linkedin.com/in/allyn-pon
https://luma.com/user/usr-RsK4rKutJ6ib3cw,https://linkedin.com/in/andrej-m-36b3463
https://luma.com/user/usr-9IX0GUYTJHO2zCs,https://x.com/anhuynh;https://linkedin.com/in/anmhuynh
https://luma.com/user/anishekkamal,https://x.com/anishekkamal;https://linkedin.com/in/anishekkamal
https://luma.com/user/usr-lD9qK93J9hn9ubA,https://linkedin.com/in/anna-cao-32b034250
https://luma.com/user/usr-xnv7VyADyHXfKkf,https://x.com/anthonyrussano;https://linkedin.com/in/anthonyrussano
https://luma.com/user/usr-ORn8LRteq2dioOd,https://x.com/Praan799;https://linkedin.com/in/anveshc
https://luma.com/user/usr-VwfG5wlZVbozn2p,https://linkedin.com/in/arjunkumar-krishnankutty-b363302a
https://luma.com/user/usr-EdjtiLkY0Ywuh2v,https://x.com/aryag3801;https://linkedin.com/in/arya-gaikwad
https://luma.com/user/usr-IAXk339JNL1coYJ,https://linkedin.com/in/atharva-deshpande-usc
https://luma.com/user/usr-AYRD8FrV3zikkeb,https://x.com/NA;https://linkedin.com/in/avery-pong-94598a140
https://luma.com/user/MrDeen,https://linkedin.com/in/badr-abuabdelah
https://luma.com/user/BradB,https://x.com/hireoquick;https://linkedin.com/in/brad-bolton-98773b48
https://luma.com/user/BuilderBacker,https://instagram.com/builderBackerNetwork;https://linkedin.com/company/builders-and-backers-network
https://luma.com/user/usr-3JSZfnW4AGD4FtJ,https://instagram.com/calvinchen.ai;https://x.com/TrygenticAI;https://linkedin.com/in/calvinchen6799;https://agentloop.run/
https://luma.com/user/usr-Oy6i1OtRJgqLP68,https://linkedin.com/in/charlienus
https://luma.com/user/ckg,https://instagram.com/findgood.tech;https://x.com/ckgoodmam;https://youtube.com/@mindthemachinepodcast;https://tiktok.com/@ckgoodman;https://linkedin.com/in/ckgoodman;https://www.findgood.tech/
https://luma.com/user/usr-X2gBJvAhrgG5N7N,https://linkedin.com/in/chriztopherton
https://luma.com/user/usr-EwBYvqMbh988mga,https://linkedin.com/in/chris-peara
https://luma.com/user/usr-TMhFDoD25eGo787,https://instagram.com/abodyofcode;https://tiktok.com/@abodyofcode
https://luma.com/user/usr-jhPy2rZCwCVgeNz,https://linkedin.com/in/sirdavidhuang
https://luma.com/user/usr-tjca1Mj08slEXiW,https://x.com/NA;https://linkedin.com/in/garg-devanshi
https://luma.com/user/usr-dTb1AQJ3UeTHR0s,https://x.com/eliasdelrincon;https://linkedin.com/in/eliasdelrincon
https://luma.com/user/usr-Hjo4vNTepyNhXU6,https://linkedin.com/in/cogitovsmachina
https://luma.com/user/usr-Vu7ICsOfd1bETmK,https://instagram.com/techvc;https://x.com/techbycal;https://linkedin.com/in/ernestomiguel;https://www.vantablacklabs.com/
https://luma.com/user/usr-4u755ie2sRe3YSM,https://linkedin.com/in/evgenii-konnov-32018545
https://luma.com/user/usr-Cu0F6lqKbLQfKlJ,https://linkedin.com/in/ezer-patlan
https://luma.com/user/usr-oa6nlYsEHzvXVkY,https://linkedin.com/in/feargal-walsh
https://luma.com/user/usr-s22UmxcwkODILXZ,https://x.com/GaganMundada;https://linkedin.com/in/gaganmundada
https://luma.com/user/usr-Dzir2k5EsdAJBDx,https://x.com/Na;https://linkedin.com/in/gauravbansal1600
https://luma.com/user/usr-9XiW8nDCTXgM2AA,https://linkedin.com/in/genevieve-esco
https://luma.com/user/usr-p1ivgC0pB7FnDUk,https://linkedin.com/in/marilynjane
https://luma.com/user/gpeters,https://linkedin.com/in/gregorypeters
